signal_date,ticker,foreign_5d,inst_5d,score,contraction_ratio,entry_price,status,exit_price,exit_date,return_pct,hold_days
2026-04-05,373220,50135,489393,76.9,0.447,403000.0,OPEN,,,,0
2026-04-05,006400,244199,926404,80.6,0.483,404000.0,OPEN,,,,0
2026-04-05,086280,58969,-99925,63.0,0.589,261500.0,OPEN,,,,0
2026-04-05,010620,189955,-112800,68.3,0.0,223000.0,OPEN,,,,0
2026-04-05,336260,130928,-244099,79.0,0.735,36600.0,OPEN,,,,0
2026-04-05,032350,873054,-2134416,68.8,0.798,24800.0,OPEN,,,,0
2026-04-05,003160,225971,-723098,73.8,0.72,36550.0,OPEN,,,,0
2026-04-05,001390,283263,-16517,73.7,0.449,5970.0,OPEN,,,,0
2026-04-05,012030,78626,94003,72.8,0.769,1830.0,OPEN,,,,0
2026-04-05,035510,141088,-3910,73.6,0.696,18230.0,OPEN,,,,0
2026-04-05,105840,106383,-123699,77.1,0.491,26400.0,OPEN,,,,0
2026-04-05,008350,229030,-516,75.3,0.723,1290.0,OPEN,,,,0
2026-04-05,004140,163465,-1907,72.4,0.765,2670.0,OPEN,,,,0
2026-04-05,002200,114167,-1850,75.4,0.621,3240.0,OPEN,,,,0
2026-04-05,011700,65500,-101,75.3,0.7,4995.0,OPEN,,,,0
2026-04-05,008700,81253,121031,75.2,0.761,1318.0,OPEN,,,,0
2026-04-05,047400,273031,-86,74.2,0.52,1553.0,OPEN,,,,0
2026-04-05,155660,60075,991,63.6,0.789,4035.0,OPEN,,,,0
2026-04-05,021050,115943,-88,76.2,0.783,1255.0,OPEN,,,,0
2026-04-05,017040,390119,-61297,76.1,0.567,1464.0,OPEN,,,,0
2026-04-05,109070,170937,206,75.5,0.507,788.0,OPEN,,,,0
2026-04-05,033250,54572,180,67.4,0.607,1030.0,OPEN,,,,0
2026-04-05,000250,165572,-312906,70.3,0.746,636000.0,OPEN,,,,0
2026-04-05,058470,124027,125385,74.1,0.2,99900.0,OPEN,,,,0
2026-04-05,263750,586199,529110,73.7,0.44,53700.0,OPEN,,,,0
2026-04-05,083650,103835,-12196,76.5,0.664,83200.0,OPEN,,,,0
2026-04-05,067310,171592,-124040,69.9,0.438,34850.0,OPEN,,,,0
2026-04-05,417200,107209,272957,79.7,0.74,16530.0,OPEN,,,,0
2026-04-05,131970,247645,-245188,77.5,0.377,65600.0,OPEN,,,,0
2026-04-05,060250,202355,-59722,76.7,0.382,21950.0,OPEN,,,,0
2026-04-05,102710,80767,-143201,62.3,0.677,61100.0,OPEN,,,,0
2026-04-05,006730,532281,-545435,75.1,0.675,17270.0,OPEN,,,,0
2026-04-05,036620,90234,-520662,67.7,0.758,6960.0,OPEN,,,,0
2026-04-05,025900,81142,-3435,67.1,0.449,10190.0,OPEN,,,,0
2026-04-05,475830,301163,-175523,70.9,0.608,113600.0,OPEN,,,,0
2026-04-05,317330,56681,604536,70.4,0.567,19690.0,OPEN,,,,0
2026-04-05,031330,88505,14923,78.6,0.68,4995.0,OPEN,,,,0
2026-04-05,099440,504868,-20103,78.2,0.746,6680.0,OPEN,,,,0
2026-04-05,353810,84484,-9101,66.1,0.75,7520.0,OPEN,,,,0
2026-04-05,024060,247659,3135,75.2,0.706,15250.0,OPEN,,,,0
2026-04-05,322310,78164,-54450,71.5,0.795,26400.0,OPEN,,,,0
2026-04-05,013990,92179,6002,71.2,0.462,4725.0,OPEN,,,,0
2026-04-05,234690,76477,45159,78.0,0.691,9500.0,OPEN,,,,0
2026-04-05,425040,103484,-321918,71.0,0.575,10130.0,OPEN,,,,0
2026-04-05,396470,52805,0,64.0,0.636,7490.0,OPEN,,,,0
2026-04-05,048530,99685,12041,76.0,0.45,3750.0,OPEN,,,,0
2026-04-05,147830,58116,0,69.3,0.404,7910.0,OPEN,,,,0
2026-04-05,049520,112123,-5645,66.5,0.725,3945.0,OPEN,,,,0
2026-04-05,125210,81907,751,65.9,0.771,7840.0,OPEN,,,,0
2026-04-05,039560,411384,-198270,72.3,0.727,3940.0,OPEN,,,,0
2026-04-05,066700,73906,-9647,64.2,0.783,2840.0,OPEN,,,,0
2026-04-05,396300,57316,0,68.8,0.451,4600.0,OPEN,,,,0
2026-04-05,010170,6121745,-1091252,60.0,0.702,3585.0,OPEN,,,,0
2026-04-05,041910,156265,-2,75.1,0.73,6660.0,OPEN,,,,0
2026-04-05,053050,219655,1,76.5,0.301,2415.0,OPEN,,,,0
2026-04-05,036090,780387,0,64.6,0.555,703.0,OPEN,,,,0
2026-04-05,096350,155219,-69,76.7,0.757,2240.0,OPEN,,,,0
2026-04-05,042500,95190,1337,67.8,0.8,3940.0,OPEN,,,,0
2026-04-05,198440,65123,0,62.3,0.427,1097.0,OPEN,,,,0
2026-04-05,039240,312573,23697,68.4,0.8,2720.0,OPEN,,,,0
2026-04-05,094840,54441,-2029,64.8,0.282,7150.0,OPEN,,,,0
2026-04-05,066310,179279,701,75.2,0.776,8240.0,OPEN,,,,0
2026-04-05,376180,77651,-19110,75.6,0.779,2765.0,OPEN,,,,0
2026-04-05,019540,124719,-16595,75.6,0.746,5240.0,OPEN,,,,0
2026-04-05,037030,867039,-2299,73.4,0.509,3000.0,OPEN,,,,0
2026-04-05,198080,91359,-26920,76.3,0.672,2430.0,OPEN,,,,0
2026-04-05,052600,84226,1,71.6,0.53,3695.0,OPEN,,,,0
2026-04-05,290120,50902,0,66.9,0.481,2885.0,OPEN,,,,0
2026-04-05,189860,167686,5536,75.0,0.654,4430.0,OPEN,,,,0
2026-04-05,297570,133156,66770,73.1,0.722,1317.0,OPEN,,,,0
2026-04-05,215380,226367,0,65.5,0.5,2380.0,OPEN,,,,0
2026-04-05,094860,64842,198,64.6,0.456,1521.0,OPEN,,,,0
